{
  "camera_stream": "stereo/left",
  "fx": 983.044006,
  "fy": 983.044006,
  "cx": 643.646973,
  "cy": 493.378998
}