{
  "camera_stream": "mono_left",
  "fx": 400.0,
  "fy": 400.0,
  "cx": 500.107605,
  "cy": 511.461426
}