{
  "timestamp": "2025-12-16T04:02:40.741987",
  "num_runs": 10,
  "results": {
    "lm": {
      "ba_time": {
        "mean": 125.6104,
        "median": 125.274,
        "std": 1.6897677815473793,
        "min": 123.549,
        "max": 129.077,
        "count": 10,
        "ci_95_lower": 124.40161294795348,
        "ci_95_upper": 126.81918705204652,
        "ci_95_margin": 1.2087870520465174
      },
      "total_solver_time": {
        "mean": 125.60940000000001,
        "median": 125.273,
        "std": 1.6897677815473793,
        "min": 123.548,
        "max": 129.076,
        "count": 10,
        "ci_95_lower": 124.40061294795349,
        "ci_95_upper": 126.81818705204653,
        "ci_95_margin": 1.2087870520465174
      },
      "total_iterations": {
        "mean": 353.0,
        "median": 353.0,
        "std": 0.0,
        "min": 353.0,
        "max": 353.0,
        "count": 10
      },
      "successful_steps": {
        "mean": 216.0,
        "median": 216.0,
        "std": 0.0,
        "min": 216.0,
        "max": 216.0,
        "count": 10
      },
      "unsuccessful_steps": {
        "mean": 137.0,
        "median": 137.0,
        "std": 0.0,
        "min": 137.0,
        "max": 137.0,
        "count": 10
      },
      "initial_cost": {
        "mean": 441302.0,
        "median": 441302.0,
        "std": 0.0,
        "min": 441302.0,
        "max": 441302.0,
        "count": 10
      },
      "final_cost": {
        "mean": 55897.7,
        "median": 55897.7,
        "std": 0.0,
        "min": 55897.7,
        "max": 55897.7,
        "count": 10
      },
      "cost_reduction": {
        "mean": 385403.7800000001,
        "median": 385403.78,
        "std": 6.135626191910472e-11,
        "min": 385403.78,
        "max": 385403.78,
        "count": 10,
        "ci_95_lower": 385403.78,
        "ci_95_upper": 385403.78000000014,
        "ci_95_margin": 5.820766091346741e-11
      },
      "cost_reduction_percent": {
        "mean": 87.33000000000001,
        "median": 87.33,
        "std": 1.4979556132593925e-14,
        "min": 87.33,
        "max": 87.33,
        "count": 10,
        "ci_95_lower": 87.33,
        "ci_95_upper": 87.33000000000003,
        "ci_95_margin": 1.4210854715202004e-14
      },
      "peak_memory_mb": {
        "mean": 0.0,
        "median": 0.0,
        "std": 0.0,
        "min": 0.0,
        "max": 0.0,
        "count": 10
      },
      "total_memory_mb": {
        "mean": 29.515000000000004,
        "median": 29.54,
        "std": 0.07905694150420949,
        "min": 29.29,
        "max": 29.54,
        "count": 10,
        "ci_95_lower": 29.45844607092865,
        "ci_95_upper": 29.571553929071356,
        "ci_95_margin": 0.05655392907135237
      },
      "rms_error": {
        "mean": 1.8709999999999998,
        "median": 1.871,
        "std": 2.340555645717801e-16,
        "min": 1.871,
        "max": 1.871,
        "count": 10,
        "ci_95_lower": 1.8709999999999996,
        "ci_95_upper": 1.871,
        "ci_95_margin": 2.220446049250313e-16
      },
      "avg_error_per_obs": {
        "mean": 3.502,
        "median": 3.502,
        "std": 0.0,
        "min": 3.502,
        "max": 3.502,
        "count": 10
      },
      "time_per_iter": {
        "mean": 355.83720000000005,
        "median": 354.8845,
        "std": 4.78706729521206,
        "min": 349.997,
        "max": 365.658,
        "count": 10,
        "ci_95_lower": 352.4127383509392,
        "ci_95_upper": 359.2616616490609,
        "ci_95_margin": 3.424461649060845
      },
      "iter_per_sec": {
        "mean": 2.8099999999999996,
        "median": 2.815,
        "std": 0.03858612300930071,
        "min": 2.73,
        "max": 2.86,
        "count": 10,
        "ci_95_lower": 2.782397150429981,
        "ci_95_upper": 2.8376028495700183,
        "ci_95_margin": 0.027602849570018684
      },
      "num_cameras": 50,
      "num_points": 12124,
      "num_observations": 15962,
      "num_parameters": 36722,
      "termination": "\u2713 CONVERGED (gradient/cost/parameter tolerance met)",
      "success_rate": 61.18980169971672,
      "solver": "lm",
      "num_runs": 10
    },
    "dogleg": {
      "ba_time": {
        "mean": 64.90791000000002,
        "median": 65.04445000000001,
        "std": 0.5083830630319807,
        "min": 63.9256,
        "max": 65.5454,
        "count": 10,
        "ci_95_lower": 64.54423466497258,
        "ci_95_upper": 65.27158533502745,
        "ci_95_margin": 0.36367533502743754
      },
      "total_solver_time": {
        "mean": 64.90656,
        "median": 65.0429,
        "std": 0.5083844328414817,
        "min": 63.9243,
        "max": 65.5441,
        "count": 10,
        "ci_95_lower": 64.54288368506988,
        "ci_95_upper": 65.27023631493012,
        "ci_95_margin": 0.36367631493011743
      },
      "total_iterations": {
        "mean": 167.0,
        "median": 167.0,
        "std": 0.0,
        "min": 167.0,
        "max": 167.0,
        "count": 10
      },
      "successful_steps": {
        "mean": 112.0,
        "median": 112.0,
        "std": 0.0,
        "min": 112.0,
        "max": 112.0,
        "count": 10
      },
      "unsuccessful_steps": {
        "mean": 55.0,
        "median": 55.0,
        "std": 0.0,
        "min": 55.0,
        "max": 55.0,
        "count": 10
      },
      "initial_cost": {
        "mean": 441302.0,
        "median": 441302.0,
        "std": 0.0,
        "min": 441302.0,
        "max": 441302.0,
        "count": 10
      },
      "final_cost": {
        "mean": 46164.59999999999,
        "median": 46164.6,
        "std": 7.66953273988809e-12,
        "min": 46164.6,
        "max": 46164.6,
        "count": 10,
        "ci_95_lower": 46164.599999999984,
        "ci_95_upper": 46164.6,
        "ci_95_margin": 7.275957614183426e-12
      },
      "cost_reduction": {
        "mean": 395136.89,
        "median": 395136.89,
        "std": 0.0,
        "min": 395136.89,
        "max": 395136.89,
        "count": 10
      },
      "cost_reduction_percent": {
        "mean": 89.53999999999999,
        "median": 89.54,
        "std": 1.4979556132593925e-14,
        "min": 89.54,
        "max": 89.54,
        "count": 10,
        "ci_95_lower": 89.53999999999998,
        "ci_95_upper": 89.54,
        "ci_95_margin": 1.4210854715202004e-14
      },
      "peak_memory_mb": {
        "mean": 0.0,
        "median": 0.0,
        "std": 0.0,
        "min": 0.0,
        "max": 0.0,
        "count": 10
      },
      "total_memory_mb": {
        "mean": 98.69500000000001,
        "median": 98.62,
        "std": 0.14136241839092903,
        "min": 98.62,
        "max": 98.96,
        "count": 10,
        "ci_95_lower": 98.59387541775685,
        "ci_95_upper": 98.79612458224317,
        "ci_95_margin": 0.10112458224315901
      },
      "rms_error": {
        "mean": 1.701,
        "median": 1.701,
        "std": 0.0,
        "min": 1.701,
        "max": 1.701,
        "count": 10
      },
      "avg_error_per_obs": {
        "mean": 2.892,
        "median": 2.892,
        "std": 0.0,
        "min": 2.892,
        "max": 2.892,
        "count": 10
      },
      "time_per_iter": {
        "mean": 388.66990000000004,
        "median": 389.4875,
        "std": 3.044218799626598,
        "min": 382.788,
        "max": 392.487,
        "count": 10,
        "ci_95_lower": 386.49219705834764,
        "ci_95_upper": 390.84760294165244,
        "ci_95_margin": 2.1777029416523987
      },
      "iter_per_sec": {
        "mean": 2.5729999999999995,
        "median": 2.565,
        "std": 0.01946506842754191,
        "min": 2.55,
        "max": 2.61,
        "count": 10,
        "ci_95_lower": 2.5590755288748217,
        "ci_95_upper": 2.5869244711251773,
        "ci_95_margin": 0.013924471125177806
      },
      "num_cameras": 50,
      "num_points": 12124,
      "num_observations": 15962,
      "num_parameters": 36722,