{
  "timestamp": "2025-12-15T20:18:22.273630",
  "num_runs": 10,
  "results": {
    "lm": {
      "ba_time": {
        "mean": 128.4461,
        "median": 128.582,
        "std": 1.665311812644507,
        "min": 126.394,
        "max": 130.934,
        "count": 10,
        "ci_95_lower": 127.25480769420079,
        "ci_95_upper": 129.6373923057992,
        "ci_95_margin": 1.1912923057992089
      },
      "total_iterations": {
        "mean": 353.0,
        "median": 353.0,
        "std": 0.0,
        "min": 353.0,
        "max": 353.0,
        "count": 10
      },
      "successful_steps": {
        "mean": 216.0,
        "median": 216.0,
        "std": 0.0,
        "min": 216.0,
        "max": 216.0,
        "count": 10
      },
      "unsuccessful_steps": {
        "mean": 137.0,
        "median": 137.0,
        "std": 0.0,
        "min": 137.0,
        "max": 137.0,
        "count": 10
      },
      "initial_cost": {
        "mean": 441302.0,
        "median": 441302.0,
        "std": 0.0,
        "min": 441302.0,
        "max": 441302.0,
        "count": 10
      },
      "final_cost": {
        "mean": 55897.7,
        "median": 55897.7,
        "std": 0.0,
        "min": 55897.7,
        "max": 55897.7,
        "count": 10
      },
      "rms_error": {
        "mean": 1.8709999999999998,
        "median": 1.871,
        "std": 2.340555645717801e-16,
        "min": 1.871,
        "max": 1.871,
        "count": 10,
        "ci_95_lower": 1.8709999999999996,
        "ci_95_upper": 1.871,
        "ci_95_margin": 2.220446049250313e-16
      },
      "time_per_iter": {
        "mean": 363.8701,
        "median": 364.25649999999996,
        "std": 4.717863274595575,
        "min": 358.056,
        "max": 370.917,
        "count": 10,
        "ci_95_lower": 360.49514392500924,
        "ci_95_upper": 367.2450560749907,
        "ci_95_margin": 3.3749560749907346
      },
      "solver": "lm",
      "num_runs": 10
    },
    "dogleg": {
      "ba_time": {
        "mean": 65.42413,
        "median": 65.47475,
        "std": 0.3055687922183431,
        "min": 64.875,
        "max": 65.8102,
        "count": 10,
        "ci_95_lower": 65.2055392542321,
        "ci_95_upper": 65.64272074576792,
        "ci_95_margin": 0.21859074576791215
      },
      "total_iterations": {
        "mean": 167.0,
        "median": 167.0,
        "std": 0.0,
        "min": 167.0,
        "max": 167.0,
        "count": 10
      },
      "successful_steps": {
        "mean": 112.0,
        "median": 112.0,
        "std": 0.0,
        "min": 112.0,
        "max": 112.0,
        "count": 10
      },
      "unsuccessful_steps": {
        "mean": 55.0,
        "median": 55.0,
        "std": 0.0,
        "min": 55.0,
        "max": 55.0,
        "count": 10
      },
      "initial_cost": {
        "mean": 441302.0,
        "median": 441302.0,
        "std": 0.0,
        "min": 441302.0,
        "max": 441302.0,
        "count": 10
      },
      "final_cost": {
        "mean": 46164.59999999999,
        "median": 46164.6,
        "std": 7.66953273988809e-12,
        "min": 46164.6,
        "max": 46164.6,
        "count": 10,
        "ci_95_lower": 46164.599999999984,
        "ci_95_upper": 46164.6,
        "ci_95_margin": 7.275957614183426e-12
      },
      "rms_error": {
        "mean": 1.701,
        "median": 1.701,
        "std": 0.0,
        "min": 1.701,
        "max": 1.701,
        "count": 10
      },
      "time_per_iter": {
        "mean": 391.76129999999995,
        "median": 392.06449999999995,
        "std": 1.8297753990889398,
        "min": 388.473,
        "max": 394.073,
        "count": 10,
        "ci_95_lower": 390.4523575318541,
        "ci_95_upper": 393.0702424681458,
        "ci_95_margin": 1.3089424681458581
      },
      "solver": "dogleg",
      "num_runs": 10
    }
  }
}